age,salary,city,education,has_car,income_level
56,70585.6669482087,SPb,School,0,1
69,39833.20860509924,SPb,School,0,0
46,67302.97808011803,Moscow,Bachelor,1,0
32,44374.840574452784,Ekaterinburg,College,1,0
60,39587.81069738759,Ekaterinburg,College,1,1
25,51647.90109564873,SPb,School,1,1
78,55136.85377011271,Ekaterinburg,College,0,0
38,78672.94409764142,SPb,Bachelor,1,1
56,54793.06368303072,Moscow,School,1,1
75,52899.170927740786,Ekaterinburg,Bachelor,1,0
36,73942.1441585245,Moscow,School,0,0
40,59015.80916317305,Ekaterinburg,School,0,1
28,40335.87229748078,Moscow,School,1,1
28,70339.55577962288,Ekaterinburg,School,0,0
41,38905.71845855971,Moscow,College,0,0
70,40261.29082499436,Moscow,Bachelor,0,0
53,37272.1895091813,Ekaterinburg,Bachelor,1,0
57,35956.32457583066,Moscow,Bachelor,1,0
41,54997.59942259737,Moscow,School,0,1
20,46131.46753184685,Moscow,College,1,1
39,-2172.538204548342,Ekaterinburg,Bachelor,1,1
70,45976.05407075731,Ekaterinburg,College,0,1
19,42231.316162915486,Moscow,School,0,0
41,63392.38046448283,Moscow,Bachelor,1,0
61,41551.12082809456,Ekaterinburg,College,0,0
47,88088.86686816339,Ekaterinburg,School,1,1
55,70951.90368155364,Moscow,College,1,1
19,44151.34413485333,Moscow,Bachelor,0,1
77,67244.34618249623,Moscow,Bachelor,1,0
38,57878.175690364216,SPb,School,1,1
50,53501.986947203644,Ekaterinburg,School,0,0
29,62039.78383411144,SPb,School,0,0
75,50811.063113907294,Ekaterinburg,College,0,0
39,53605.267341162165,Ekaterinburg,College,1,0
78,62350.287744184476,Ekaterinburg,College,0,0
61,80786.79112618235,Ekaterinburg,School,0,0
42,53767.92458329511,Ekaterinburg,Bachelor,0,1
66,43193.05002541766,Ekaterinburg,Bachelor,0,0
44,19561.53717359017,Ekaterinburg,College,1,0
76,79419.55207945456,SPb,College,1,1
59,46051.3743114206,Moscow,Bachelor,0,0
45,58022.139351219004,Moscow,Bachelor,1,1
77,78588.60855390491,SPb,College,0,1
33,53414.034813957376,SPb,College,0,1
32,47079.9460718378,SPb,Bachelor,1,0
79,71295.09466315617,SPb,School,1,0
79,56911.05601345879,Ekaterinburg,College,0,1
64,58791.58407085101,Moscow,Bachelor,0,0
79,27152.58694292359,Ekaterinburg,Bachelor,1,0
68,68088.72810863878,Moscow,Bachelor,0,1
61,55633.82101987468,Moscow,Bachelor,1,1
72,29426.15930415314,SPb,School,0,0
69,57276.411674199124,Ekaterinburg,Bachelor,0,1
74,19062.11489132376,SPb,College,1,1
20,85129.62803769493,Ekaterinburg,School,1,1
54,33472.17800027359,Moscow,Bachelor,1,0
68,74176.89148577653,SPb,School,1,0
24,37805.6667782202,SPb,College,1,0
38,58403.385664560796,Moscow,Bachelor,1,1
26,36318.07615085752,Moscow,College,1,0
56,64956.7283284673,Moscow,Bachelor,0,1
35,46470.21887139122,SPb,Bachelor,0,0
21,57016.69319311564,Ekaterinburg,Bachelor,0,0
42,50225.96572368492,SPb,Bachelor,1,1
77,29515.028202745165,Ekaterinburg,Bachelor,1,0
31,57561.60289535801,SPb,School,1,1
67,42451.43771501378,SPb,Bachelor,0,0
75,65679.69189511416,Moscow,Bachelor,1,0
26,46462.102877739846,Ekaterinburg,School,1,1
43,48848.54136457502,SPb,School,0,1
70,75243.89696559405,SPb,School,1,1
19,85724.55191761925,Moscow,School,0,0
37,61790.50933568124,Moscow,School,0,0
45,45692.89853864922,Ekaterinburg,School,1,0
64,44380.08007465784,SPb,Bachelor,1,1
77,37719.8452202213,Ekaterinburg,Bachelor,1,1
24,40621.42724669665,SPb,College,0,1
61,45895.85384744047,Ekaterinburg,Bachelor,0,0
78,79463.7945049235,Moscow,Bachelor,0,0
25,47041.674937197145,SPb,School,1,1
64,31609.204937028462,Ekaterinburg,School,1,0
52,50624.97900688074,Moscow,Bachelor,1,1
31,52671.926386415966,Moscow,College,1,0
34,50534.53189775684,Ekaterinburg,School,0,0
53,61995.36833877811,SPb,Bachelor,0,1
67,51035.0826703855,SPb,Bachelor,0,0
57,61530.912382209935,Moscow,College,0,0
21,38294.84968913427,SPb,College,1,1
19,76710.94157217834,SPb,School,1,1
79,53787.19682515378,SPb,College,1,0
23,56003.284556105566,Moscow,Bachelor,0,1
71,38232.321592800465,Ekaterinburg,Bachelor,0,0
59,57077.40486899594,SPb,College,1,1
21,59765.97585005456,Moscow,College,1,0
71,32453.47349262365,Moscow,College,0,0
46,25113.62617418515,Ekaterinburg,College,1,1
35,54404.990354141984,SPb,School,0,0
43,42668.45264816701,SPb,College,0,0
61,53898.82203703594,Ekaterinburg,School,0,1
51,30634.458936528274,Ekaterinburg,Bachelor,1,1
27,26592.41128425994,Moscow,College,1,0
79,53100.34194501615,Moscow,School,0,1
53,44753.243585647215,Ekaterinburg,College,1,1
31,18339.507182747322,SPb,Bachelor,0,0
48,70146.48227161594,Moscow,Bachelor,0,0
65,30385.14397724364,Moscow,Bachelor,0,1
32,88599.87428165649,SPb,College,0,1
25,40639.74906667132,Moscow,College,1,1
31,56023.40852188998,SPb,School,0,0
40,74704.23515580778,SPb,Bachelor,0,0
77,72191.50891743237,SPb,College,1,0
74,79792.04609340325,Ekaterinburg,Bachelor,0,0
79,27153.856416794704,Ekaterinburg,Bachelor,0,0
57,32962.01753739129,Ekaterinburg,School,1,0
38,53389.95911141045,SPb,School,1,0
33,62596.21156846571,SPb,School,1,1
62,49831.58834930543,Ekaterinburg,School,0,1
35,25430.089464299166,Moscow,Bachelor,1,0
64,57448.67238447199,SPb,School,1,0
70,47086.22917648948,Moscow,School,0,0
41,46906.415615662,Moscow,School,0,1
43,15830.743732841642,SPb,School,0,0
42,61962.26306717472,SPb,Bachelor,0,1
77,52178.060904281876,Moscow,School,0,1
77,76927.46834958445,Moscow,Bachelor,1,1
77,48882.38530203241,Ekaterinburg,College,1,1
62,58495.10195778534,Ekaterinburg,Bachelor,1,1
58,62477.272641578944,SPb,Bachelor,0,0
46,23807.57662008213,Ekaterinburg,School,0,0
32,89250.4991990239,Ekaterinburg,College,0,1
62,43538.11418116075,Ekaterinburg,College,1,0
18,57418.49903213727,Ekaterinburg,College,1,1
42,59608.73010423727,Moscow,College,0,1
24,37778.23808014554,SPb,Bachelor,1,0
26,77704.70497171405,Ekaterinburg,College,0,0
41,53989.32904031649,Moscow,Bachelor,1,0
18,46797.91044638999,Moscow,Bachelor,1,0
61,52077.61943582664,Moscow,Bachelor,1,0
25,61463.78297913535,Ekaterinburg,College,0,1
41,50161.9724721455,Ekaterinburg,School,1,0
28,63228.948655748594,SPb,School,1,0
68,24726.91791548391,Ekaterinburg,College,0,0
34,38780.45015260264,Ekaterinburg,School,1,1
25,17917.99527786027,Moscow,School,0,0
52,79955.12235264419,SPb,Bachelor,0,1
52,79759.88191527402,Ekaterinburg,Bachelor,0,0
50,59399.24101299477,Ekaterinburg,College,0,0
76,34810.72893630453,Moscow,College,0,1
22,85848.17408327485,Moscow,School,1,0
59,40933.78282802432,Ekaterinburg,Bachelor,0,0
56,46801.89309642254,SPb,College,0,1
75,52393.00108596084,SPb,College,0,0
58,56772.73913028454,Moscow,College,0,1
45,59657.03902556478,Moscow,College,1,1
24,60259.424562116765,Ekaterinburg,College,0,1
26,47832.13871969143,Moscow,College,1,1
25,60021.51427635069,Ekaterinburg,School,0,1
29,47161.88510756484,SPb,Bachelor,1,0
51,58689.55155308331,SPb,Bachelor,0,0
50,57459.37666746163,Ekaterinburg,College,0,0
65,61442.709361971814,Moscow,Bachelor,1,1
72,59569.50048531448,SPb,Bachelor,0,1
40,43363.51437633054,Moscow,Bachelor,1,1
79,56880.65257338519,SPb,College,0,1
41,59800.996068723296,Ekaterinburg,College,1,0
54,30633.134165769414,Ekaterinburg,Bachelor,0,0
52,45889.33464153456,Ekaterinburg,Bachelor,0,1
61,59121.708368275,SPb,College,1,1
57,75639.38742094433,Moscow,School,0,0
39,62373.50279193101,Moscow,Bachelor,0,1
44,76585.66980466394,Moscow,School,0,1
52,44024.39914734577,SPb,Bachelor,0,1
18,53752.85738371465,SPb,School,0,0
52,62086.02949289177,SPb,School,0,0
54,15104.724297503344,SPb,School,1,1
64,72662.0482717179,SPb,College,1,0
31,22086.3517871803,Moscow,School,1,1
20,64954.101024176045,SPb,School,0,1
18,60302.47685813969,SPb,School,1,0
22,14906.104962276702,Moscow,Bachelor,0,1
43,15664.081146005039,SPb,School,0,1
72,71487.22876178758,Moscow,Bachelor,0,0
31,68220.83089529822,Moscow,School,0,1
56,36787.04533267609,Ekaterinburg,School,1,1
44,36771.816574339035,Ekaterinburg,College,0,1
26,57689.07458564331,Ekaterinburg,Bachelor,1,0
32,49808.83774267448,Ekaterinburg,School,0,1
32,65815.92823773672,SPb,Bachelor,1,0
43,57193.7138664963,Ekaterinburg,Bachelor,1,1
59,73745.46190934803,Moscow,College,1,1
77,64551.1666687059,SPb,College,1,1
30,60811.59573710866,Ekaterinburg,College,1,1
68,44718.12919544489,Moscow,College,1,0
49,43620.18148757233,SPb,College,0,0
56,49223.61522942049,SPb,College,1,1
66,77614.14604905812,Ekaterinburg,College,0,1
69,43905.87905915324,SPb,College,1,1
78,53907.93480611024,Moscow,School,0,1
49,16327.95638439036,SPb,Bachelor,1,1
21,60137.13095066121,Moscow,College,1,1
47,83857.9742163971,SPb,College,0,1
54,35995.428361056125,Ekaterinburg,Bachelor,1,1
40,97616.63205690138,Moscow,School,1,0
56,52733.6090698498,SPb,Bachelor,1,0
62,11406.031379234839,SPb,Bachelor,0,0
32,44216.92640048133,SPb,College,1,1
60,69956.57844903624,Moscow,Bachelor,0,1
46,79989.75809374706,Moscow,Bachelor,1,1
53,60771.47822377525,Moscow,College,1,0
30,73513.91631318451,Ekaterinburg,College,0,1
49,32333.2168776147,Ekaterinburg,College,1,0
24,39796.07619209138,Moscow,College,1,1
76,24808.110769973144,SPb,Bachelor,0,0
68,40924.05386012145,Ekaterinburg,Bachelor,1,0
39,61428.784796534994,Moscow,School,0,0
45,53189.83643574529,SPb,School,0,1
19,63017.735549947734,Ekaterinburg,Bachelor,0,0
59,35952.28973754895,SPb,School,1,1
62,36867.124597822,SPb,Bachelor,0,1
79,53069.15314287369,SPb,School,0,1
74,40960.28292042027,SPb,College,1,1
70,69527.73752240142,Ekaterinburg,School,0,1
23,40588.716734337846,Ekaterinburg,College,1,0
45,42569.1613560313,Ekaterinburg,College,1,1
45,56282.591208027305,Moscow,College,1,1
61,44160.677124087604,Ekaterinburg,College,1,1
61,31475.8340969388,SPb,School,0,1
37,33509.66262751867,Ekaterinburg,Bachelor,0,1
47,58066.489376104335,SPb,College,0,0
79,29619.327281569094,Moscow,School,0,0
28,70957.46641323216,SPb,College,0,1
75,39644.010735473756,SPb,School,1,0
72,59243.237254520915,SPb,School,0,0
45,40543.810639555486,Moscow,School,0,1
42,36271.37930005453,Ekaterinburg,Bachelor,0,0
56,53691.55523435273,Ekaterinburg,School,1,1
79,65776.7520052385,Moscow,School,1,0
50,46289.48373709843,SPb,Bachelor,0,0
18,49017.839693638096,Ekaterinburg,Bachelor,1,0
74,62111.26041624202,Moscow,School,0,1
44,62607.90875377334,Ekaterinburg,Bachelor,0,0
79,49422.62419970388,Moscow,College,1,0
74,43347.801612720665,SPb,College,1,1
69,51239.83939167547,Ekaterinburg,Bachelor,0,1
30,47136.327629174855,Moscow,Bachelor,0,0
58,54694.612277252774,Ekaterinburg,School,1,1
20,32085.94359731371,Ekaterinburg,Bachelor,0,0
56,54157.7236903812,Ekaterinburg,School,1,0
23,39225.44875743877,Ekaterinburg,College,0,1
25,63588.314172357546,Moscow,Bachelor,1,1
44,39912.98225944227,SPb,School,0,1
26,40173.35349213602,Moscow,School,0,0
79,56680.982366176104,Moscow,College,1,1
54,50213.178332242955,Moscow,Bachelor,0,0
50,84149.77439598256,SPb,College,0,1
68,25560.460841686214,Ekaterinburg,School,1,0
59,51647.794204321166,Ekaterinburg,School,0,1
61,66944.74227458556,Ekaterinburg,Bachelor,0,0
41,41325.29115609049,SPb,School,0,1
32,36341.6323289018,Ekaterinburg,Bachelor,1,0
76,36937.030285305074,SPb,College,1,1
71,25820.582305248732,Ekaterinburg,Bachelor,1,1
49,70245.56940966043,Ekaterinburg,Bachelor,0,0
49,45055.739872903876,Moscow,School,0,1
41,43279.59290299654,SPb,School,0,0
58,18138.528885047395,Moscow,Bachelor,0,0
69,28494.371413071727,Moscow,School,1,1
66,71980.8463327864,Moscow,School,0,0
79,54546.58499150868,SPb,School,0,1
66,67497.51244887659,SPb,Bachelor,0,1
75,65599.88659744745,Ekaterinburg,School,1,0
69,34990.695791405895,Moscow,Bachelor,0,1
29,86447.71592980954,Ekaterinburg,School,0,0
79,79245.98893401845,Moscow,College,0,0
56,41543.503368154474,SPb,School,0,1
19,-3523.0794903982314,SPb,School,0,1
20,44652.01865083885,SPb,Bachelor,1,0
66,53574.44393182173,Moscow,Bachelor,0,0
54,41484.214478364636,SPb,School,0,1
66,46677.16854972924,Moscow,College,0,1
73,37570.12945493308,Ekaterinburg,School,0,1
34,63824.52077530771,Moscow,School,0,1
76,50954.49860552833,Ekaterinburg,College,0,0
66,64272.71094414431,Moscow,Bachelor,0,1
19,68333.05019311905,Ekaterinburg,School,0,0
19,17385.146538700297,SPb,Bachelor,0,0
45,38442.166837488454,Ekaterinburg,Bachelor,0,1
71,40639.56059539184,SPb,College,1,0
40,88570.58539533174,SPb,College,1,1
54,52235.08050350486,Ekaterinburg,Bachelor,1,0
49,62188.40894544596,Moscow,School,1,1
50,21789.62346088233,Moscow,Bachelor,0,0
18,52148.23178746282,Moscow,School,1,0
36,64674.394731743865,Moscow,School,1,1
79,62929.47627590234,Moscow,College,0,1
19,59350.99158374527,SPb,School,1,0
70,50195.007597426884,Moscow,School,1,0
61,50923.52930938177,SPb,Bachelor,0,1
43,24601.00737935316,SPb,College,0,0
49,36492.00672219285,SPb,School,0,1
23,53464.15934582245,Ekaterinburg,School,1,0
49,39260.36289610692,Ekaterinburg,College,1,1
72,60332.57370549177,SPb,Bachelor,0,0
21,57001.73825397294,Ekaterinburg,College,0,1
72,70510.5538208299,Moscow,College,1,1
28,64373.80739228857,Moscow,School,0,0
73,53408.92113701852,SPb,School,1,1
76,61219.706510928736,Moscow,Bachelor,0,0
34,65076.53243449484,SPb,School,0,1
55,42388.440711380266,SPb,School,1,1
41,45060.03502520297,Moscow,College,0,1
22,48547.60943909884,Ekaterinburg,School,0,0
69,42867.04183753476,Moscow,Bachelor,0,1
51,65235.30417595226,Moscow,College,1,0
23,40590.34187484044,SPb,Bachelor,0,1
39,68774.77207099737,SPb,College,0,0
28,44495.40201679426,SPb,School,0,0
65,57085.94964259037,SPb,College,0,0
33,52496.22723144333,Ekaterinburg,College,0,1
50,35360.302875625,Ekaterinburg,School,0,0
26,49701.654057638145,Ekaterinburg,School,1,1
77,55004.65297175896,SPb,Bachelor,1,0
76,49035.60969334253,SPb,Bachelor,0,0
23,29859.401622405738,SPb,School,1,0
33,75521.43865289257,Ekaterinburg,School,1,0
46,51315.49224292604,SPb,School,0,1
20,38085.46137254717,Moscow,College,1,0
37,74311.52035200912,Moscow,College,1,0
77,59260.84714580488,SPb,College,1,1
76,31997.450053975863,Moscow,School,1,0
53,34332.57880400182,Moscow,Bachelor,1,0
36,46664.07920168237,Ekaterinburg,School,1,0
43,54459.60468274733,SPb,College,1,0
20,59341.99747195883,SPb,College,1,1
36,64252.67719292852,Ekaterinburg,School,0,1
37,58093.58609600214,Moscow,School,0,0
49,70201.18967961494,Moscow,College,1,1
24,51901.897395207045,SPb,College,1,1
69,38605.40929282667,Moscow,College,0,0
58,49949.7369551154,Ekaterinburg,School,1,1
50,48965.29009481312,Ekaterinburg,College,1,0
57,11326.76855506262,SPb,College,0,1
56,41579.49711356512,Ekaterinburg,Bachelor,0,1
35,54713.05599425676,Ekaterinburg,School,0,1
57,43636.76652182321,SPb,Bachelor,1,0
18,40306.85957265501,Ekaterinburg,Bachelor,1,1
28,63670.64293706846,Ekaterinburg,College,0,0
45,36251.81262836841,Ekaterinburg,School,0,0
74,60674.33975706234,Moscow,College,1,1
42,30008.83293817573,SPb,School,0,0
67,91411.42903589277,SPb,Bachelor,1,1
40,46764.71709648114,SPb,School,1,0
48,45151.02066055916,Moscow,College,0,0
47,67145.98854334878,Moscow,College,0,1
59,43719.42738790327,SPb,College,1,1
52,71823.91712488499,Moscow,School,0,1
24,55573.9074572979,SPb,Bachelor,0,1
77,48224.03149180656,Moscow,Bachelor,0,0
33,46624.91144944437,Ekaterinburg,School,0,0
43,68113.88255645393,Ekaterinburg,College,1,0
65,53457.308219052546,SPb,Bachelor,1,1
74,56484.63096786155,Moscow,College,1,0
69,58115.02808905443,Moscow,School,1,1
77,51994.042778340365,Ekaterinburg,College,0,0
66,57798.08339524975,Ekaterinburg,Bachelor,0,1
19,48225.14865978514,Moscow,Bachelor,1,0
18,49252.87052260136,Moscow,College,1,0
65,33213.27607959937,Moscow,School,0,1
79,54466.40376377596,Moscow,College,1,0
29,24206.884899316694,Moscow,School,1,1
22,54253.37105916369,Moscow,College,0,0
54,45790.75975752778,SPb,Bachelor,1,0
49,55618.77664176467,Moscow,School,0,1
76,34267.57498877486,Ekaterinburg,School,0,1
72,18209.639479420366,SPb,School,1,0
26,44737.02039539691,Moscow,Bachelor,0,0
58,34311.30996714353,Ekaterinburg,College,1,0
52,23291.649751842764,SPb,Bachelor,0,0
36,61519.749045418546,Ekaterinburg,School,1,0
65,74018.5734071306,Moscow,College,1,0
33,38045.72846338175,Moscow,Bachelor,1,1
20,48863.437591678194,Moscow,School,0,1
37,45383.21574980282,Moscow,School,0,1
41,40116.52367035695,SPb,Bachelor,1,0
71,59956.05820832032,SPb,Bachelor,0,0
73,65152.121906429275,Ekaterinburg,Bachelor,1,0
50,36970.89216101594,Moscow,School,1,1
41,50671.503006423554,Ekaterinburg,Bachelor,0,1
69,69267.99550900841,SPb,School,1,0
28,60335.54304822459,Moscow,Bachelor,0,0
66,62565.46157600733,Moscow,School,1,1
25,70519.77961163622,SPb,School,0,1
53,70322.67758559875,SPb,College,1,1
55,65429.639454545984,SPb,Bachelor,1,0
57,52174.06122171771,SPb,Bachelor,0,0
37,44262.75473812862,SPb,School,1,0
79,51552.16647969778,Moscow,School,1,1
52,41983.89970964947,SPb,School,0,1
65,20712.696904839766,Moscow,College,1,0
79,45807.514012999396,Moscow,College,0,0
42,55362.89365755831,SPb,School,1,1
52,41190.958733507316,SPb,Bachelor,0,0
42,47108.303191420884,Moscow,Bachelor,1,1
46,47689.449260499016,SPb,College,1,1
35,70352.85161328333,SPb,College,1,0
63,44608.440889626465,SPb,School,0,1
35,70349.50073275181,Ekaterinburg,Bachelor,0,0
19,9312.642622280393,Moscow,School,0,1
71,70217.83671993554,Ekaterinburg,College,0,1
52,69461.09172293937,SPb,Bachelor,1,0
33,63533.820100837875,Ekaterinburg,Bachelor,1,1
78,19821.229951943427,SPb,College,0,0
58,65283.30492833722,Ekaterinburg,School,0,0
53,49248.212364871244,SPb,School,0,1
50,12059.938401130094,Ekaterinburg,Bachelor,1,0
21,69472.66561752044,Ekaterinburg,College,0,0
50,71662.59617823453,Ekaterinburg,Bachelor,0,0
31,21432.31892202243,Moscow,College,1,0
38,52631.3161295017,Ekaterinburg,School,1,0
65,70828.86682166274,Moscow,College,0,0
37,68452.4197018572,SPb,School,1,1
73,62540.91576739286,Ekaterinburg,College,0,0
25,10291.206801537373,SPb,Bachelor,1,1
24,60943.14149953721,SPb,School,0,1
20,46728.44152439086,Ekaterinburg,Bachelor,0,0
34,64937.86293077742,Moscow,Bachelor,0,1
50,53842.42187650737,Ekaterinburg,School,0,1
65,49701.77584566703,SPb,School,1,0
29,59613.557741138546,SPb,Bachelor,1,0
76,47421.29943392363,Ekaterinburg,Bachelor,1,0
68,49635.84080162087,Moscow,Bachelor,1,1
39,41671.64001306857,Moscow,Bachelor,0,1
72,25918.865132231564,SPb,School,0,0
39,58517.80210656907,SPb,School,1,0
63,37909.54520494145,Moscow,Bachelor,1,1
47,46988.122009388986,Ekaterinburg,College,1,1
55,54304.609376809,SPb,College,1,1
55,18721.735346518417,Moscow,School,1,1
62,22079.76644484765,SPb,Bachelor,0,0
68,45503.92135086196,Ekaterinburg,Bachelor,0,1
71,56818.452234494835,Moscow,School,0,1
25,61160.57405973742,SPb,College,1,1
44,26130.282561861393,Ekaterinburg,College,1,1
44,59549.47226619223,SPb,College,1,0
51,46323.95572525496,Ekaterinburg,School,1,0
38,36752.641323552845,Ekaterinburg,College,0,1
47,40271.72215910944,Moscow,School,0,1
50,62027.8599806025,Ekaterinburg,School,1,0
45,54110.08677628357,SPb,Bachelor,0,0
64,50754.59784132981,Ekaterinburg,College,0,1
50,53652.4360821185,Ekaterinburg,School,1,1
22,63921.4666492429,Moscow,College,1,0
77,48543.50648895015,Ekaterinburg,College,1,0
78,50814.78329681355,Ekaterinburg,Bachelor,1,0
65,67072.56110206708,SPb,College,1,0
36,45026.20063605262,Moscow,Bachelor,1,0
21,59272.108929210226,Moscow,School,0,0
52,42444.43278990288,Moscow,College,0,1
66,43761.98987882323,Ekaterinburg,School,1,0
34,48439.25364800545,Moscow,College,0,0
61,57729.09279480148,Ekaterinburg,School,1,0
45,67912.72943826603,Ekaterinburg,College,1,0
47,51448.178953081624,SPb,College,1,1
46,27502.446330146835,SPb,College,1,1
63,59471.69440300907,SPb,College,0,0
70,86807.63261218564,SPb,College,1,1
23,51630.032466010256,SPb,College,0,1
52,24368.48541230631,Ekaterinburg,College,1,1
77,52544.79334206277,Ekaterinburg,College,1,1
58,49954.81095224241,Moscow,College,1,1
54,48693.367349564156,Ekaterinburg,School,0,1
41,64181.14849965699,Ekaterinburg,Bachelor,1,0
46,70674.12179503587,SPb,College,1,0
66,60253.78617801624,Ekaterinburg,Bachelor,1,0
63,48004.128729933975,SPb,College,0,0
70,66885.18176554445,Moscow,College,0,0
48,27592.55538178639,Moscow,School,0,1
52,39259.158188990084,Ekaterinburg,School,1,0
77,40930.58332097405,Moscow,Bachelor,0,0
50,49535.74028102098,Ekaterinburg,School,1,1
69,57601.01993730257,Moscow,School,0,1
78,46989.305774940745,SPb,Bachelor,0,0
38,36409.46308246588,SPb,School,1,1
49,64622.754270441954,SPb,College,0,1
40,46468.149166929594,SPb,Bachelor,1,1
50,51531.9338130655,Ekaterinburg,Bachelor,1,1
20,58266.016182138614,Moscow,College,0,0
35,50583.1641188442,Ekaterinburg,School,1,1
42,50649.07542116435,SPb,Bachelor,1,0
59,65457.10130653744,Ekaterinburg,Bachelor,0,0
48,52270.54211855565,Moscow,College,0,1
71,62941.954786857335,Ekaterinburg,College,1,1
75,58170.01166477585,Moscow,School,0,1
20,80253.31316280374,Ekaterinburg,Bachelor,1,0
57,56141.20126803695,Moscow,School,1,1
63,59569.59905226159,Moscow,School,0,1
41,66524.85070994552,SPb,College,0,1
67,50954.26639925255,Moscow,Bachelor,0,1
49,40432.20354905839,SPb,Bachelor,0,1
64,42887.816283148146,SPb,Bachelor,1,0
39,43032.39611746268,SPb,College,1,1
40,35745.03547704923,Ekaterinburg,College,0,1
19,54767.07753802826,Ekaterinburg,College,0,1
44,40557.25177926374,Ekaterinburg,College,1,0
59,52922.79231802771,Ekaterinburg,College,1,1
19,47619.88334434046,Moscow,Bachelor,1,0
43,49375.677600612275,Moscow,School,1,0
34,58340.84971743284,Ekaterinburg,Bachelor,0,1
57,41871.51313417178,Moscow,School,1,1
50,59583.3656890516,Moscow,College,1,1
26,73509.61799958428,SPb,School,0,0
60,55146.63624427638,SPb,Bachelor,1,0
71,38268.56472091297,SPb,Bachelor,1,0
65,40774.72982990305,SPb,School,0,0
56,46276.056488223265,Moscow,College,0,0
46,41076.64554395651,Ekaterinburg,College,0,0
59,35132.29535584925,Moscow,Bachelor,1,1
72,52316.10915442538,Moscow,School,1,1
43,46682.04002411302,Moscow,College,0,0
52,52845.81325337087,SPb,College,0,1
67,67795.81118322932,SPb,Bachelor,1,1
42,46454.70749113461,SPb,College,0,0
41,32218.699929795333,Ekaterinburg,School,0,0
30,44016.61261619673,Moscow,Bachelor,0,1
77,61556.37825674964,Ekaterinburg,Bachelor,1,0
75,60151.55406075432,SPb,School,1,0
24,57779.59471420351,Ekaterinburg,Bachelor,1,1
74,40629.39915256845,Moscow,College,1,0
53,61278.53927049048,Moscow,College,1,1
62,64653.48617055599,SPb,School,1,1
37,39568.67555165036,SPb,College,0,1
18,49376.44853686213,Ekaterinburg,School,1,1
25,80306.02945523168,SPb,School,1,1
63,38901.885853049185,SPb,College,0,0
33,24423.69996134413,Moscow,School,1,0
31,70743.56651697197,SPb,College,1,0
29,67049.0715755684,SPb,Bachelor,0,0
68,43145.49014633863,Moscow,Bachelor,0,1
40,48305.1232719787,Moscow,School,0,1
32,31625.974247165715,Ekaterinburg,College,1,0
45,51334.284089145534,SPb,College,0,1
51,67488.705730571,Moscow,Bachelor,1,0
19,41860.92737362583,Ekaterinburg,Bachelor,1,0
49,63156.52968179439,Ekaterinburg,College,1,0
40,56955.85786085648,SPb,School,1,1
39,58667.253363217096,SPb,Bachelor,0,1
68,42735.362291204474,Ekaterinburg,School,0,1
42,44680.637255997586,Moscow,School,1,1
75,22298.413482928976,Ekaterinburg,Bachelor,0,0
79,41499.95881234841,SPb,School,1,1
78,67452.28187046888,Moscow,School,1,1
39,36060.017088465895,Moscow,College,1,1
75,38295.47519214643,Ekaterinburg,School,0,0
75,59602.84735560686,SPb,College,1,0
39,56041.5243798964,Ekaterinburg,Bachelor,1,1
66,60347.94874694451,Ekaterinburg,Bachelor,0,1
69,32551.69189864394,Ekaterinburg,College,0,1
59,88460.8692395052,Moscow,Bachelor,0,1
23,31763.699387491244,Moscow,School,0,0
32,52313.709706011025,SPb,School,1,1
71,47620.167561971204,SPb,School,0,1
60,32200.37723952429,Ekaterinburg,Bachelor,1,1
77,44446.858657801255,Ekaterinburg,School,0,0
54,50349.61401328805,Ekaterinburg,Bachelor,0,0
50,40250.40182204795,SPb,School,0,1
25,64058.35432302274,Moscow,College,0,1
70,47575.613818062935,Moscow,Bachelor,0,1
77,29880.8799347257,Ekaterinburg,Bachelor,0,1
61,28608.117009960544,Ekaterinburg,School,1,1
61,59092.476359171844,Ekaterinburg,Bachelor,0,0
22,27698.438259494957,Ekaterinburg,Bachelor,0,0
56,54746.39109573625,SPb,College,0,0
21,56669.82778500439,Moscow,College,0,1
23,35069.669541139745,Ekaterinburg,School,1,0
62,63361.071256623356,SPb,College,0,0
49,24233.095643575518,Ekaterinburg,School,0,0
69,54446.88400997838,Ekaterinburg,School,0,1
47,49387.130996059874,Moscow,School,0,1
64,48215.0303640366,Ekaterinburg,Bachelor,1,0
52,32331.550355291412,Moscow,College,0,1
72,35944.66993400111,Moscow,School,1,0
57,74282.03037530897,Moscow,College,0,0
69,68227.3251330763,SPb,School,1,0
33,61131.268827856984,SPb,College,1,0
30,64097.72155294532,Moscow,College,0,1
67,62690.20317006903,Ekaterinburg,School,0,1
77,45149.65681570687,Moscow,Bachelor,1,1
59,50714.05327721527,Ekaterinburg,College,1,1
47,27912.374329384867,Moscow,Bachelor,0,0
36,48654.56559788711,Ekaterinburg,Bachelor,1,1
34,67751.2137430878,SPb,School,1,0
73,40089.39127614297,Ekaterinburg,School,1,1
36,65347.118070308396,Moscow,School,0,1
45,51373.78608040645,SPb,College,1,1
75,29219.422014954016,Ekaterinburg,School,1,0
72,33390.207299805326,Ekaterinburg,School,1,0
43,63789.54304561632,Ekaterinburg,College,0,0
54,58287.861278875775,Ekaterinburg,College,0,0
43,51526.46109481438,Ekaterinburg,School,1,1
70,45889.52278628082,SPb,School,0,0
79,53158.51966442878,SPb,School,1,0
40,63204.443738798735,SPb,School,0,1
26,72137.79920730928,SPb,Bachelor,0,1
29,72855.26299160907,Moscow,Bachelor,1,0
70,55579.39851137747,SPb,School,0,1
18,47421.02464453219,Ekaterinburg,Bachelor,0,0
75,52193.720117282835,Ekaterinburg,College,0,1
75,57831.8053588262,SPb,Bachelor,1,0
18,57771.00415767637,Ekaterinburg,Bachelor,0,0
64,69619.79955710158,SPb,School,0,0
51,81736.33582874983,Ekaterinburg,Bachelor,1,0
49,46921.180555788706,Moscow,Bachelor,0,0
79,82338.27363236694,Moscow,Bachelor,0,1
71,67583.5887013759,SPb,Bachelor,0,0
65,48487.65514722188,SPb,College,0,0
42,72478.4725829762,SPb,School,0,0
57,75284.72452128747,Ekaterinburg,School,1,0
62,43095.5683370923,SPb,College,1,0
70,75983.22878728472,Moscow,Bachelor,0,1
18,66126.24231553945,Ekaterinburg,College,0,1
33,85528.38691968788,SPb,Bachelor,0,0
78,43639.421270007515,Ekaterinburg,College,1,1
56,44698.59884396006,Ekaterinburg,School,1,0
22,19600.0680538499,SPb,School,0,1
39,58567.90880851943,Ekaterinburg,School,0,1
46,55628.768834280774,Moscow,Bachelor,1,0
72,41555.094926965,Moscow,Bachelor,0,1
20,48772.23902767913,Ekaterinburg,College,1,1
29,30331.68484737327,SPb,College,1,0
43,67976.67429247529,Ekaterinburg,School,0,0
33,42654.50788207535,Moscow,Bachelor,1,1
68,96410.73523431427,Ekaterinburg,College,0,1
54,47365.980489334506,Ekaterinburg,Bachelor,0,1
39,38605.717384275355,Moscow,Bachelor,0,0
74,43815.303218977075,Ekaterinburg,School,0,1
46,28820.58535183623,Ekaterinburg,School,0,1
31,57234.07836054413,SPb,Bachelor,0,1
45,43701.50450331317,SPb,Bachelor,1,0
22,66968.79185596606,Moscow,Bachelor,1,0
64,45878.787572383735,Moscow,Bachelor,1,0
66,70766.6316752847,Moscow,School,1,0
47,61361.83623975561,SPb,College,0,1
63,50428.95165077516,Moscow,School,1,0
79,73703.48881026232,Moscow,College,1,1
69,64284.40191555814,Moscow,Bachelor,1,1
22,94193.19239994838,SPb,College,0,1
29,43858.17132532693,Ekaterinburg,School,1,1
33,51149.24158187691,Moscow,School,0,0
43,73530.63516516394,Ekaterinburg,Bachelor,1,0
43,26846.932822473314,Moscow,School,0,0
65,69754.15344848843,Ekaterinburg,Bachelor,0,0
38,56589.54136522206,SPb,School,1,0
56,36676.83866829128,SPb,School,0,1
53,29554.405121733176,Moscow,Bachelor,0,0
50,39912.65790304574,Ekaterinburg,College,1,0
79,15727.706415116423,SPb,School,1,0
47,42656.908344627445,Moscow,College,1,0
54,59338.345000138725,Moscow,School,0,1
40,42855.49038546758,SPb,School,0,1
75,70824.69052150712,SPb,School,0,1
27,74899.21404087932,Moscow,School,1,1
71,69134.66723938662,Ekaterinburg,College,0,1
22,53459.613653965476,Ekaterinburg,College,0,0
53,15129.81091270296,Ekaterinburg,School,0,1
51,39444.53761951091,Moscow,School,0,1
69,47869.422098384195,SPb,College,0,1
48,36591.985257427834,Moscow,Bachelor,0,0
27,47907.417867701435,SPb,Bachelor,0,0
75,74151.01203040069,Ekaterinburg,College,1,1
36,25313.35205727023,Ekaterinburg,School,1,0
75,77175.3808417854,SPb,School,1,0
49,63270.89632631206,SPb,Bachelor,0,1
18,54023.25212416543,Moscow,Bachelor,0,0
73,39295.75166388854,Ekaterinburg,College,1,0
22,36890.74481762862,Moscow,Bachelor,0,0
62,25606.734281168905,Moscow,College,1,1
21,75751.48220471581,Moscow,Bachelor,0,1
33,73064.17340111062,Ekaterinburg,Bachelor,0,1
41,28905.730571250766,Moscow,Bachelor,1,0
33,41710.58007640698,Moscow,School,1,1
72,56497.17153847863,Moscow,School,1,0
19,45507.36292741688,Moscow,School,1,0
66,21219.878644522734,Moscow,Bachelor,1,0
45,40133.40859166467,Moscow,College,0,1
49,79265.51447030029,Ekaterinburg,College,0,1
44,41150.32114378334,Moscow,College,0,1
37,47547.98994946689,SPb,College,1,1
41,32822.33863946929,Moscow,School,1,0
29,58816.44477925622,Moscow,School,1,1
67,51727.27698536876,Ekaterinburg,Bachelor,1,0
52,38869.70387664532,Ekaterinburg,Bachelor,1,1
77,30430.169062888624,SPb,College,1,1
50,71068.15061016314,SPb,School,0,1
50,25916.848900383797,Ekaterinburg,College,0,0
78,57557.23543384332,Ekaterinburg,Bachelor,0,0
68,17691.811329326403,Moscow,Bachelor,0,0
60,60608.17524518574,Ekaterinburg,College,0,0
54,64554.48330890091,SPb,Bachelor,1,0
29,66421.75567459871,Moscow,College,1,1
20,47581.87297145198,SPb,School,1,0
18,73760.05408345544,Moscow,College,1,0
50,84616.87542494101,Ekaterinburg,School,1,0
57,45175.65295931055,SPb,School,1,0
27,43234.92454805109,Moscow,Bachelor,0,1
60,52237.65890517404,Moscow,Bachelor,1,0
61,42834.79781158689,Ekaterinburg,Bachelor,1,1
46,40641.94705984819,Ekaterinburg,College,1,1
30,41948.92189637736,Ekaterinburg,College,1,1
29,75736.34012009368,SPb,Bachelor,0,0
48,61578.22992553148,Moscow,College,0,1
63,42785.80809112863,Ekaterinburg,Bachelor,1,0
19,13173.12461416571,SPb,College,0,0
78,26833.032595902987,SPb,School,0,0
68,57551.43623902817,SPb,School,1,0
67,18176.66087916774,Ekaterinburg,Bachelor,1,0
52,54394.90291177934,Ekaterinburg,College,1,1
40,34016.544127024616,Moscow,College,1,1
34,51377.0866187101,Moscow,School,1,0
43,50957.84452001214,Ekaterinburg,School,0,1
25,51808.84900836066,SPb,Bachelor,1,0
46,44083.672293822194,SPb,School,1,1
43,43590.715615884015,SPb,Bachelor,1,1
27,39188.14371595342,Moscow,School,0,1
43,57258.38475862835,SPb,School,1,1
79,62077.89012171423,Moscow,College,1,1
51,31715.412161958106,Moscow,School,1,0
68,49225.57291561596,SPb,School,0,0
58,52948.73110231607,SPb,Bachelor,1,1
24,52756.56701934563,Ekaterinburg,School,1,0
21,52501.544293947765,Ekaterinburg,Bachelor,1,1
75,43969.47784482164,SPb,School,0,0
70,54185.456381938086,Moscow,School,1,1
67,59270.4306647543,Moscow,Bachelor,1,1
62,52115.54983733846,Moscow,College,1,1
28,57589.09754800586,Moscow,Bachelor,0,0
46,64855.3011655626,Moscow,Bachelor,1,0
73,22235.89463157098,Ekaterinburg,Bachelor,1,1
53,64151.95762798051,SPb,College,1,1
42,55136.41647831912,Ekaterinburg,School,0,0
38,33325.6200839191,Moscow,Bachelor,0,0
78,62037.06323479533,Moscow,Bachelor,1,0
74,44025.18640964058,Moscow,College,0,0
53,46070.503455221704,Moscow,Bachelor,0,0
27,42384.80326301507,SPb,School,0,1
54,54535.98266357337,Moscow,College,1,0
26,38219.7028623192,SPb,School,1,1
41,63522.119449216785,Moscow,School,0,1
52,47917.06119207993,SPb,College,0,0
66,44536.96274768094,Ekaterinburg,Bachelor,0,0
52,61293.135164209554,Moscow,School,1,1
65,45206.64856521379,SPb,School,1,0
53,64222.65238043452,Ekaterinburg,School,0,1
35,64693.89426261299,Moscow,School,0,0
66,29977.942426715344,Moscow,College,0,0
56,66638.90303334386,Moscow,College,0,0
49,28069.460427471717,SPb,School,1,1
41,67573.70790323766,SPb,Bachelor,0,0
40,80425.35788345359,Ekaterinburg,School,1,1
79,63122.51657403697,SPb,Bachelor,0,0
49,17645.290329504904,SPb,School,0,1
54,65953.48579079028,Moscow,Bachelor,0,0
29,83691.93448904017,Moscow,School,0,1
66,45454.52538502956,Moscow,Bachelor,0,1
72,49479.45019955165,Moscow,School,1,1
30,32172.69917110352,Moscow,School,0,1
40,54681.19128229504,Moscow,Bachelor,0,1
42,69037.65773814694,Moscow,College,0,1
52,60466.05692224181,Ekaterinburg,Bachelor,1,0
58,97129.50465931698,Ekaterinburg,College,1,1
47,50495.40564448696,Ekaterinburg,School,1,1
34,25539.899488771036,Ekaterinburg,Bachelor,1,1
66,52564.56457352329,Moscow,Bachelor,0,0
79,13753.223521812652,Ekaterinburg,Bachelor,0,0
37,42003.441127032296,Moscow,College,0,0
65,74365.73087900318,Ekaterinburg,College,1,1
42,54877.00472947657,SPb,School,0,0
39,52691.25219246903,Ekaterinburg,College,0,0
30,77311.70565073035,Ekaterinburg,College,1,1
76,45941.00162504945,Moscow,School,1,1
36,68927.30619401163,Ekaterinburg,Bachelor,1,0
66,51939.60462749511,SPb,Bachelor,0,1
53,55700.711951885394,Moscow,School,0,1
29,31740.427162054806,Moscow,Bachelor,1,1
78,42769.29807757675,Ekaterinburg,College,0,1
58,29037.226507341897,Moscow,School,1,0
36,48571.323826619824,Moscow,School,1,1
29,55856.035158744,Moscow,School,0,0
26,33349.42842362822,Moscow,Bachelor,1,0
24,80737.68384027235,Moscow,School,1,0
45,54171.59028637941,Moscow,School,1,0
31,50866.93378377829,SPb,School,0,1
48,61544.86627018438,Ekaterinburg,Bachelor,1,1
69,37566.07878701117,SPb,College,1,1
36,52452.1621875118,Moscow,School,1,0
75,39247.00669463613,Moscow,College,1,0
64,73380.19865133474,Ekaterinburg,Bachelor,1,0
33,34120.40975904378,SPb,Bachelor,1,1
70,50947.4818896076,Ekaterinburg,Bachelor,1,0
22,54939.73677727664,SPb,Bachelor,0,1
52,55922.386166115524,Moscow,College,0,1
29,41281.472403757514,Ekaterinburg,School,1,1
42,36567.35896782353,Ekaterinburg,Bachelor,0,1
69,41498.072404308514,Moscow,Bachelor,0,0
76,57924.881513154236,Ekaterinburg,College,1,1
38,47842.313436320546,SPb,College,0,0
53,61943.13212678782,SPb,Bachelor,1,1
70,57155.0557909261,SPb,School,1,0
40,15846.30952850588,SPb,School,1,0
33,53712.46695255816,Moscow,Bachelor,1,1
74,83756.82151724405,Ekaterinburg,College,1,1
56,69879.03576557497,SPb,Bachelor,0,1
62,56330.19741060453,Moscow,Bachelor,1,0
70,34109.11804295084,Ekaterinburg,College,0,1
59,57163.30574188469,Ekaterinburg,Bachelor,1,1
75,61096.24909817388,Moscow,Bachelor,1,0
56,46193.79978758624,Moscow,Bachelor,1,1
31,54751.130882066565,SPb,College,0,0
48,72644.9368759406,Ekaterinburg,School,1,1
75,37140.88370387411,Ekaterinburg,School,1,0
22,34125.5059256131,Moscow,College,1,0
52,60390.48988991319,Ekaterinburg,School,1,1
40,56863.13954297121,SPb,Bachelor,0,0
46,65432.57443119217,Ekaterinburg,School,1,1
60,58546.90717855655,Moscow,Bachelor,0,1
28,41483.6740523871,Moscow,School,1,0
35,56482.88977198107,SPb,College,0,1
64,32868.101850557396,SPb,School,0,0
29,46245.21932400509,Ekaterinburg,School,1,0
26,57541.98846449606,Ekaterinburg,School,1,0
27,44592.286749141655,Moscow,College,0,0
75,87020.78273344741,SPb,School,1,0
61,21617.236267644996,SPb,College,1,0
34,41787.64464501784,SPb,Bachelor,1,0
78,35933.30249195134,Ekaterinburg,School,0,0
55,39494.7678881307,SPb,College,1,1
24,40355.02664778682,Moscow,College,1,1
63,30103.689697115104,Moscow,School,1,0
30,61290.53222858941,Ekaterinburg,Bachelor,0,1
57,41793.570539193475,Ekaterinburg,College,1,1
59,52453.60003382982,SPb,School,0,1
26,43477.61357134632,Ekaterinburg,Bachelor,1,1
67,39636.79381570686,Moscow,College,0,1
44,75084.18854130275,SPb,College,1,1
75,63843.98273314112,Moscow,Bachelor,1,0
19,21976.99400067283,SPb,Bachelor,0,1
22,20387.938274961696,Ekaterinburg,School,0,1
46,65639.1325345473,SPb,School,0,1
54,42202.19912676869,SPb,College,1,1
55,25263.76499098666,Moscow,Bachelor,1,0
36,65686.02698810512,Moscow,Bachelor,1,0
25,52536.860751486354,SPb,Bachelor,1,0
65,53773.56627248479,Ekaterinburg,College,0,0
62,62143.08908008861,Ekaterinburg,Bachelor,1,1
18,30350.342625764097,Moscow,Bachelor,1,0
39,25527.48767923753,Ekaterinburg,College,1,0
69,73714.31442354803,Moscow,School,1,0
34,28442.498588865612,Ekaterinburg,School,1,0
24,31666.43304386654,SPb,College,1,1
42,34663.46930681351,Moscow,Bachelor,1,0
62,81199.18885535783,Moscow,College,0,1
21,57400.74950617284,SPb,School,1,0
53,64481.119616530705,Moscow,School,1,1
23,52942.51318368093,Ekaterinburg,College,1,1
77,40971.691831981494,Ekaterinburg,College,1,0
48,59469.36924890252,Moscow,School,0,0
36,26650.76043804795,Ekaterinburg,College,0,0
78,33570.74821855257,Moscow,School,0,0
61,60994.62768892222,SPb,College,0,1
71,29641.1715375983,Moscow,College,0,1
56,47163.7779625719,SPb,College,0,0
44,47847.314834668825,Ekaterinburg,School,1,0
27,42070.06994994257,SPb,College,0,1
43,20733.222877267144,Ekaterinburg,School,0,0
36,40566.06663216961,Moscow,School,1,1
56,37625.47434601272,Ekaterinburg,College,0,0
79,52421.59794931548,Moscow,College,1,1
20,51657.35808049203,Moscow,School,1,1
62,55669.42189905311,SPb,School,0,1
30,39860.205905384035,SPb,Bachelor,1,1
67,57841.669256988374,SPb,School,0,1
45,26659.899008394754,SPb,Bachelor,0,0
79,22671.429010214688,Ekaterinburg,Bachelor,1,1
75,14966.409137500581,Ekaterinburg,Bachelor,1,0
37,42510.54140642004,Ekaterinburg,College,0,1
45,38700.52663492164,Moscow,College,1,1
25,61839.734177819,Ekaterinburg,School,1,0
78,40270.06119426695,Ekaterinburg,Bachelor,0,0
58,54100.645219164006,Ekaterinburg,College,0,0
56,62199.448648746155,SPb,College,1,0
18,39705.213865263264,Ekaterinburg,College,0,1
20,54470.78315160763,Moscow,College,0,0
30,65028.91323432792,SPb,College,0,1
45,31427.55837791649,Moscow,Bachelor,0,0
79,50372.785073669664,Ekaterinburg,Bachelor,0,0
74,39769.48425201028,SPb,Bachelor,0,1
77,32382.651762602924,Moscow,Bachelor,0,1
66,26953.223892646565,Ekaterinburg,School,1,0
42,32140.27141731949,Moscow,Bachelor,0,1
73,50900.43508628019,Moscow,College,1,1
50,25837.3331665738,Moscow,Bachelor,1,1
55,41739.094638670445,Ekaterinburg,School,1,1
70,62197.91610279346,Ekaterinburg,College,0,1
23,56735.164451284036,Moscow,Bachelor,0,1
75,42042.38565592765,SPb,Bachelor,1,1
61,75345.35620038086,SPb,Bachelor,0,1
62,78395.54620867492,Ekaterinburg,College,1,0
49,50391.836473095886,Ekaterinburg,College,0,1
62,12971.856261735375,Ekaterinburg,School,0,0
78,63296.722955243895,Ekaterinburg,College,1,1
64,15590.354899496218,Ekaterinburg,College,1,1
38,72142.19166080099,SPb,Bachelor,1,1
33,66253.77351113448,Ekaterinburg,College,0,1
71,76613.1875620703,Moscow,Bachelor,1,0
38,53903.9833755159,Moscow,Bachelor,0,0
28,44579.21349227243,SPb,College,0,1
77,43248.48299464664,Moscow,School,0,0
54,41806.09743453654,SPb,School,1,1
53,64716.02980512054,SPb,College,1,1
52,60684.07234258817,Moscow,School,1,0
36,51803.384501513196,Ekaterinburg,Bachelor,0,0
37,39167.28038109542,Moscow,Bachelor,0,1
74,89438.18946950408,Moscow,College,1,1
35,63685.619209443044,SPb,School,0,0
64,26034.321203398868,Moscow,School,0,1
58,42256.1597609431,SPb,Bachelor,1,0
66,63976.64146113058,Ekaterinburg,College,1,1
31,38006.91618150974,Ekaterinburg,School,1,1
32,55273.219382388335,Ekaterinburg,College,0,0
48,64261.94450504222,Moscow,School,0,0
18,-826.4212398458985,SPb,Bachelor,0,0
70,48379.43450316125,Ekaterinburg,Bachelor,0,1
71,48968.137303476826,SPb,College,0,1
71,43818.91316474316,SPb,Bachelor,1,1
20,54525.42702419061,Ekaterinburg,School,0,1
33,59862.79411243812,Ekaterinburg,Bachelor,0,0
40,52130.764164869135,SPb,College,0,1
74,44392.589089258516,Ekaterinburg,College,1,1
28,59489.319496764045,SPb,College,1,1
29,50735.801139115356,SPb,School,1,0
27,46539.493802067824,Ekaterinburg,School,0,1
49,30315.809219916213,Moscow,School,1,1
33,26560.178221008824,Ekaterinburg,School,1,0
25,30031.553109288943,Moscow,School,1,1
55,54174.93591830322,SPb,Bachelor,0,1
29,48813.818785904725,SPb,School,1,0
41,27795.738526888053,Moscow,School,0,1
45,59688.767386907166,SPb,Bachelor,0,1
70,70614.64269768643,Moscow,School,1,1
25,41022.595749254964,Moscow,College,0,0
75,23885.27213947439,SPb,School,1,1
45,39363.10422647131,Moscow,School,0,1
53,62816.90940192041,Ekaterinburg,College,1,0
43,58227.94787802161,Ekaterinburg,College,1,0
25,36163.50970982782,SPb,College,1,1
75,72817.58206647114,SPb,College,0,1
77,70224.20098889599,Moscow,School,1,1
67,39004.90905085039,Moscow,College,0,1
45,38850.6499555255,Moscow,College,1,0
45,41107.580939307656,Moscow,Bachelor,0,1
54,42390.00836917181,Ekaterinburg,College,0,0
58,64258.070118926655,Ekaterinburg,College,1,0
53,56379.93590714891,SPb,Bachelor,1,1
44,63156.18154025881,Moscow,Bachelor,1,1
71,60103.4771478005,Moscow,School,1,0
34,75717.90602290598,SPb,Bachelor,1,0
26,34109.216842862894,Moscow,School,0,1
50,55705.37795575874,Moscow,Bachelor,1,0
70,17392.681156479535,Moscow,Bachelor,1,1
37,30245.666388547124,Moscow,School,0,1
30,48877.19921097729,Moscow,Bachelor,1,0
45,56273.09919131804,SPb,School,1,0
65,48472.76386955646,Moscow,Bachelor,0,1
46,41492.11371780983,SPb,College,1,0
30,44158.731837604435,Moscow,Bachelor,1,1
63,70541.61464636156,Ekaterinburg,School,1,1
52,44239.51733179789,Ekaterinburg,Bachelor,0,1
78,76238.62433065292,Ekaterinburg,School,1,0
23,61910.256103117004,Ekaterinburg,School,0,1
35,56863.06019222346,SPb,College,1,1
68,32096.046345185066,SPb,College,0,1
22,64028.5724209944,Moscow,School,1,1
64,42593.44133377251,Ekaterinburg,Bachelor,0,1
42,32083.403629914505,SPb,School,0,1
19,57692.65419619066,Moscow,School,0,1
27,29180.809091501906,Moscow,Bachelor,0,1
73,38566.37806805626,SPb,Bachelor,0,1
47,49848.26132796633,Ekaterinburg,Bachelor,0,1
67,83276.32136172091,Moscow,Bachelor,1,1
76,39696.26366311269,Ekaterinburg,School,1,0
62,43126.752210491366,Ekaterinburg,School,0,1
22,60985.17581632468,Ekaterinburg,College,0,1
72,31425.56467435931,Moscow,School,0,1
73,56642.09571531373,Ekaterinburg,Bachelor,0,0
50,68088.90211424882,Moscow,College,1,1
71,45393.57672933348,Ekaterinburg,Bachelor,0,0
18,65392.31422095298,Moscow,School,1,1
35,54371.74884817709,Ekaterinburg,College,1,1
49,39039.77054294329,SPb,Bachelor,0,0
64,47032.9297115524,Ekaterinburg,College,0,1
66,44303.639900296366,Ekaterinburg,College,1,0
